cat,subcat,y,y_fcst,MSE,MAPE
Total Sales,Total Sales,"[98898.53000000001, 107866.38000000005, 140520.2, 114686.15999999997, 161469.7, 195443.97, 123390.44000000002, 217082.94999999998, 270821.8300000001, 224207.42999999985, 292550.6600000001, 322520.04999999993, 139060.14, 91136.47999999995, 159675.47000000006, 164190.46999999997, 213758.60000000006, 249675.42000000004, 155086.58000000005, 296343.56, 298700.31999999995, 249986.04000000007, 327136.53, 332052.7900000001, 193120.9, 163935.81000000006, 198594.1399999999, 177821.44000000012, 260498.63000000012, 396519.75999999966, 229928.91999999998, 326488.93999999994, 376619.50999999995, 293406.77, 373989.56999999995, 405454.4899999997, 241268.65, 184837.45999999996, 263100.83000000025, 242772.0099999999, 288401.1300000002, 401814.18999999994, 258705.80000000005, 456620.18000000017, 481157.4100000001, 422766.8500000002, 555279.3000000003, 503143.86, nan, nan, nan, nan, nan, nan, nan, nan, nan, nan, nan, nan, nan, nan, nan, nan, nan, nan, nan, nan, nan, nan, nan, nan]","[nan, nan, nan, nan, nan, nan, nan, nan, nan, nan, nan, nan, nan, nan, nan, nan, nan, nan, nan, nan, nan, nan, nan, nan, nan, nan, nan, nan, nan, nan, nan, nan, nan, nan, nan, nan, 259194.0, 248014.0, 229069.0, 245131.0, 314785.0, 371430.0, 278832.0, 376950.0, 499178.0, 390652.0, 511913.0, 576926.0, 342397.0, 257629.0, 282270.0, 346123.0, 355153.0, 469957.0, 350538.0, 471638.0, 637127.0, 547447.0, 642207.0, 715826.0, 455004.0, 330560.0, 340193.0, 443009.0, 445017.0, 578841.0, 466743.0, 569135.0, 795507.0, 725450.0, 792667.0, 910636.0]",0.148036969,10.94
Furniture,Total Sales,"[34463.740000000005, 38291.34, 37963.06000000001, 34432.399999999994, 50864.71, 71568.1, 33698.770000000004, 73231.83, 86386.48, 82284.73, 95945.53999999996, 118211.51000000001, 43061.74000000001, 37916.819999999985, 53242.6, 55421.90999999999, 66721.52999999998, 78752.84000000001, 41110.93999999999, 84732.36999999998, 100895.27000000002, 81346.04, 125113.87000000002, 94443.17, 77993.48, 57734.270000000004, 65323.31999999999, 54587.01, 74370.85999999999, 115250.60999999997, 71853.89000000003, 112296.00999999998, 127700.74, 89318.60000000002, 122802.73999999999, 143203.10000000003, 69799.48, 57702.83000000001, 89705.40000000001, 70550.84999999999, 98312.08000000002, 136123.17, 82344.33000000002, 126283.9, 175776.68000000005, 130701.28, 168848.72, 171768.37, nan, nan, nan, nan, nan, nan, nan, nan, nan, nan, nan, nan, nan, nan, nan, nan, nan, nan, nan, nan, nan, nan, nan, nan]","[nan, nan, nan, nan, nan, nan, nan, nan, nan, nan, nan, nan, nan, nan, nan, nan, nan, nan, nan, nan, nan, nan, nan, nan, nan, nan, nan, nan, nan, nan, nan, nan, nan, nan, nan, nan, 114060.0, 87077.0, 73570.0, 65644.0, 100663.0, 125528.0, 87237.0, 127040.0, 141093.0, 148058.0, 170676.0, 172336.0, 135587.0, 111984.0, 93886.0, 98482.0, 123720.0, 155008.0, 121515.0, 152768.0, 178466.0, 196539.0, 210196.0, 222378.0, 181296.0, 137388.0, 115343.0, 132949.0, 151107.0, 194216.0, 167267.0, 186422.0, 224025.0, 263098.0, 259932.0, 284468.0]",0.428887066,15.87
Furniture,Bookcases,"[13401.999999999998, 15019.529999999999, 8975.469999999998, 6125.29, 16604.39, 24964.100000000002, 9314.35, 25849.099999999995, 35445.46000000001, 26526.430000000004, 39165.350000000006, 38457.270000000004, 16568.52, 13412.79, 19506.76, 16175.07, 31620.640000000003, 27475.260000000002, 12518.77, 36518.950000000004, 39037.53999999999, 30702.81, 40165.37, 38954.56, 27404.470000000005, 16655.7, 21750.69, 16594.969999999998, 17765.190000000002, 32511.93, 23720.059999999998, 41399.91999999999, 53450.10999999999, 34164.85, 41279.14, 44172.909999999996, 15651.029999999999, 26045.28, 32996.64, 31500.680000000004, 29909.260000000002, 52796.170000000006, 39702.19999999999, 50922.75999999999, 72777.36, 51030.8, 55939.479999999996, 53925.17, nan, nan, nan, nan, nan, nan, nan, nan, nan, nan, nan, nan, nan, nan, nan, nan, nan, nan, nan, nan, nan, nan, nan, nan]","[nan, nan, nan, nan, nan, nan, nan, nan, nan, nan, nan, nan, nan, nan, nan, nan, nan, nan, nan, nan, nan, nan, nan, nan, nan, nan, nan, nan, nan, nan, nan, nan, nan, nan, nan, nan, 40204.0, 1530.0, 22738.0, 21593.0, 39377.0, 30721.0, 37798.0, 47159.0, 61293.0, 61877.0, 52811.0, 58703.0, 44560.0, 6809.0, 25999.0, 27187.0, 46344.0, 33106.0, 41557.0, 47678.0, 68225.0, 73029.0, 58932.0, 65612.0, 51673.0, 7444.0, 29331.0, 31062.0, 53295.0, 36817.0, 46957.0, 54181.0, 76935.0, 85877.0, 66689.0, 73937.0]",0.563723266,37.56
Furniture,Furnishings,"[2415.0800000000004, 4331.630000000001, 3513.07, 5892.0599999999995, 3648.6799999999994, 4893.110000000001, 3113.4, 5516.8099999999995, 8776.820000000002, 6948.620000000001, 8221.570000000002, 6554.66, 6017.07, 4369.0, 4513.13, 5669.240000000002, 5029.26, 10190.53, 5928.669999999999, 6757.5199999999995, 8082.99, 4700.21, 12643.0, 7846.59, 5138.7699999999995, 5833.2699999999995, 5699.060000000001, 4594.2300000000005, 7761.710000000001, 12741.539999999999, 7186.49, 8868.439999999999, 14224.349999999999, 9734.819999999996, 14375.41, 15543.879999999997, 7934.26, 5128.56, 7550.550000000001, 7952.680000000001, 7428.24, 11128.269999999999, 9501.310000000001, 11303.65, 15305.96, 9957.77, 18162.34, 16527.87, nan, nan, nan, nan, nan, nan, nan, nan, nan, nan, nan, nan, nan, nan, nan, nan, nan, nan, nan, nan, nan, nan, nan, nan]","[nan, nan, nan, nan, nan, nan, nan, nan, nan, nan, nan, nan, nan, nan, nan, nan, nan, nan, nan, nan, nan, nan, nan, nan, nan, nan, nan, nan, nan, nan, nan, nan, nan, nan, nan, nan, 11031.0, 9534.0, 8430.0, 2026.0, 9865.0, 12391.0, 6049.0, 10187.0, 15905.0, 8772.0, 13242.0, 20512.0, 11899.0, 12039.0, 8277.0, 9206.0, 12507.0, 15876.0, 10026.0, 15062.0, 20808.0, 15352.0, 18474.0, 26673.0, 18360.0, 15483.0, 10973.0, 12853.0, 17115.0, 20189.0, 16130.0, 20189.0, 28598.0, 23830.0, 23962.0, 37634.0]",0.290311713,30.71
Furniture,Tables,"[7356.720000000001, 4700.04, 7628.03, 3823.58, 13410.750000000002, 20475.78, 4846.79, 12890.880000000001, 13041.95, 14728.919999999998, 14626.190000000002, 29780.18, 9496.45, 6885.41, 16170.539999999999, 17749.78, 7386.71, 18675.12, 3471.51, 10851.02, 20756.66, 14639.380000000001, 20345.89, 17479.809999999998, 22282.3, 18486.149999999998, 7143.620000000001, 6135.84, 14530.31, 25052.15, 7670.7699999999995, 22065.98, 13204.24, 8584.56, 19523.27, 37684.409999999996, 12904.76, 3712.5099999999998, 16232.320000000002, 13496.780000000002, 20841.06, 26713.58, 11510.420000000002, 22729.760000000002, 27087.04, 25356.059999999998, 29377.879999999997, 33498.31, nan, nan, nan, nan, nan, nan, nan, nan, nan, nan, nan, nan, nan, nan, nan, nan, nan, nan, nan, nan, nan, nan, nan, nan]","[nan, nan, nan, nan, nan, nan, nan, nan, nan, nan, nan, nan, nan, nan, nan, nan, nan, nan, nan, nan, nan, nan, nan, nan, nan, nan, nan, nan, nan, nan, nan, nan, nan, nan, nan, nan, 34991.0, 12923.0, 19008.0, 15309.0, 8863.0, 29343.0, 15184.0, 16429.0, 35344.0, 24777.0, 34352.0, 31637.0, 28460.0, 22640.0, 18878.0, 14836.0, 12801.0, 26824.0, 21244.0, 20164.0, 34030.0, 37427.0, 34764.0, 38273.0, 36807.0, 24900.0, 19120.0, 19221.0, 16494.0, 34221.0, 28710.0, 25051.0, 42080.0, 48859.0, 44251.0, 47758.0]",0.248388845,52.66
Furniture,Chairs,"[11289.94, 14240.14, 17846.490000000005, 18591.47, 17200.89, 21235.11, 16424.23, 28975.04, 29122.250000000004, 34080.76, 33932.43000000001, 43419.40000000001, 10979.7, 13249.620000000003, 13052.17, 15827.82, 22684.920000000002, 22411.93, 19191.989999999998, 30604.880000000005, 33018.08, 31303.64, 51959.60999999999, 30162.21, 23167.94, 16759.15, 30729.95, 27261.97, 34313.649999999994, 44944.990000000005, 33276.57, 39961.67, 46822.04, 36834.37, 47624.92, 45801.9, 33309.42999999999, 22816.48, 32925.89, 17600.710000000003, 40133.52, 45485.15, 21630.399999999998, 41327.73, 60606.319999999985, 44356.65, 65369.020000000004, 67817.02, nan, nan, nan, nan, nan, nan, nan, nan, nan, nan, nan, nan, nan, nan, nan, nan, nan, nan, nan, nan, nan, nan, nan, nan]","[nan, nan, nan, nan, nan, nan, nan, nan, nan, nan, nan, nan, nan, nan, nan, nan, nan, nan, nan, nan, nan, nan, nan, nan, nan, nan, nan, nan, nan, nan, nan, nan, nan, nan, nan, nan, 34176.0, 33447.0, 28028.0, 31345.0, 28098.0, 50245.0, 33426.0, 33065.0, 30505.0, 48008.0, 58394.0, 54231.0, 47379.0, 56044.0, 41111.0, 38486.0, 40993.0, 65734.0, 48840.0, 42849.0, 44506.0, 72873.0, 78735.0, 78663.0, 72959.0, 78414.0, 54379.0, 55940.0, 54408.0, 90260.0, 73587.0, 56731.0, 67912.0, 109639.0, 107947.0, 118922.0]",0.969407426,28.81
Office Supplies,Total Sales,"[33526.77999999999, 26584.859999999997, 32846.72, 47050.929999999986, 50445.56, 58016.27, 44969.979999999996, 60492.61, 95619.14999999997, 57162.68999999999, 88628.29000000004, 85269.65000000002, 45321.28, 21905.39999999999, 53227.13999999999, 46318.40000000002, 61662.590000000004, 72902.96, 53751.33, 92257.41999999998, 79355.59999999999, 61973.11999999997, 97062.19999999998, 106221.36000000002, 65066.590000000004, 49788.86, 62007.93000000001, 55765.77, 74756.04000000002, 111488.64000000003, 70291.07999999997, 93149.85999999993, 110761.79999999996, 77392.89000000004, 110735.93999999997, 127926.30000000003, 76653.99999999999, 55184.12000000001, 77576.29, 81371.96, 97974.96999999999, 120340.02999999998, 76971.46, 155430.89000000004, 134386.6, 115771.01000000007, 163851.48999999996, 150278.65, nan, nan, nan, nan, nan, nan, nan, nan, nan, nan, nan, nan, nan, nan, nan, nan, nan, nan, nan, nan, nan, nan, nan, nan]","[nan, nan, nan, nan, nan, nan, nan, nan, nan, nan, nan, nan, nan, nan, nan, nan, nan, nan, nan, nan, nan, nan, nan, nan, nan, nan, nan, nan, nan, nan, nan, nan, nan, nan, nan, nan, 76245.0, 69521.0, 55277.0, 57761.0, 111875.0, 120282.0, 92932.0, 114490.0, 154546.0, 112209.0, 157576.0, 173225.0, 112338.0, 77708.0, 91176.0, 90290.0, 133756.0, 157225.0, 109321.0, 131753.0, 211854.0, 160629.0, 191709.0, 200712.0, 146550.0, 95986.0, 100383.0, 112435.0, 162662.0, 196009.0, 145088.0, 163525.0, 269716.0, 203932.0, 237533.0, 255018.0]",0.44088277,15.23
Office Supplies,Appliances,"[5770.429999999999, 5095.07, 9396.93, 14516.720000000001, 13360.980000000001, 16990.420000000002, 7227.81, 11518.329999999998, 32584.510000000006, 11655.090000000002, 29564.870000000003, 18430.849999999995, 13519.960000000001, 2115.62, 9593.62, 10298.090000000002, 21264.309999999994, 16853.739999999998, 16207.919999999998, 28075.969999999994, 19273.320000000003, 16957.74, 27030.0, 39169.4, 21607.33, 14566.769999999999, 15978.370000000003, 16056.349999999999, 18792.300000000003, 39253.920000000006, 16459.64, 19117.86, 22304.39, 23929.789999999997, 22976.810000000005, 23450.85, 18843.74, 17527.11, 18356.59, 21475.050000000003, 26557.989999999998, 26920.039999999997, 27050.499999999996, 50537.119999999995, 25192.520000000004, 31273.16, 46568.34999999999, 49267.50999999999, nan, nan, nan, nan, nan, nan, nan, nan, nan, nan, nan, nan, nan, nan, nan, nan, nan, nan, nan, nan, nan, nan, nan, nan]","[nan, nan, nan, nan, nan, nan, nan, nan, nan, nan, nan, nan, nan, nan, nan, nan, nan, nan, nan, nan, nan, nan, nan, nan, nan, nan, nan, nan, nan, nan, nan, nan, nan, nan, nan, nan, 22187.0, 15298.0, 12107.0, 17045.0, 22529.0, 22299.0, 16966.0, 17120.0, 30811.0, 17128.0, 27034.0, 47907.0, 21916.0, 16749.0, 26982.0, 24072.0, 30763.0, 51161.0, 18423.0, 30972.0, 37378.0, 21754.0, 38500.0, 63421.0, 21513.0, 13221.0, 27109.0, 27947.0, 31475.0, 56822.0, 21245.0, 35679.0, 42964.0, 23341.0, 43384.0, 73016.0]",0.369027291,27.76
Office Supplies,Binders,"[2517.37, 2570.6299999999997, 4300.9400000000005, 3288.9600000000005, 6940.020000000001, 7603.890000000001, 5849.59, 10581.440000000002, 15421.899999999998, 4534.07, 13048.46, 10434.79, 3480.75, 4079.68, 11862.32, 6835.740000000001, 4565.7699999999995, 10706.060000000001, 4997.58, 8613.73, 9297.83, 6004.869999999999, 11218.56, 11664.3, 6349.530000000001, 4622.43, 5455.370000000001, 6619.349999999999, 8010.450000000001, 10561.17, 6645.64, 9279.460000000001, 16242.619999999997, 10950.839999999998, 11831.27, 24471.829999999998, 13480.529999999999, 4505.320000000001, 7143.12, 11351.560000000001, 9179.589999999998, 12253.579999999998, 5108.080000000001, 25121.480000000007, 21380.629999999997, 17932.95, 16917.210000000003, 16036.83, nan, nan, nan, nan, nan, nan, nan, nan, nan, nan, nan, nan, nan, nan, nan, nan, nan, nan, nan, nan, nan, nan, nan, nan]","[nan, nan, nan, nan, nan, nan, nan, nan, nan, nan, nan, nan, nan, nan, nan, nan, nan, nan, nan, nan, nan, nan, nan, nan, nan, nan, nan, nan, nan, nan, nan, nan, nan, nan, nan, nan, 25013.0, 12952.0, 11012.0, 16647.0, 11591.0, 8575.0, 11217.0, 4232.0, 25565.0, 8509.0, 20271.0, 22300.0, 27328.0, 16436.0, 9549.0, 13007.0, 18431.0, 9491.0, 12277.0, 8014.0, 31382.0, 18467.0, 29176.0, 30252.0, 33973.0, 23205.0, 12147.0, 16203.0, 22536.0, 12121.0, 16148.0, 9407.0, 40824.0, 26092.0, 36847.0, 37058.0]",1.238468829,63.66
Office Supplies,Envelopes,"[1627.2000000000003, 803.1300000000001, 1416.56, 2431.06, 1712.2600000000002, 2339.06, 1820.36, 3577.3599999999997, 3068.96, 1943.36, 3877.49, 2676.15, 1711.2000000000003, 1398.68, 1342.03, 3129.3800000000006, 2814.97, 4296.759999999999, 3126.7200000000003, 2707.0, 5249.209999999998, 3650.23, 4201.66, 4060.01, 2421.39, 2225.6600000000003, 3581.5400000000004, 1924.58, 3416.96, 5139.71, 2784.48, 6925.500000000001, 7714.08, 3145.2700000000004, 5381.300000000001, 5819.1, 3333.96, 1738.0400000000002, 4807.75, 2759.3600000000006, 4795.500000000001, 5450.599999999999, 2237.38, 4360.329999999999, 4817.719999999999, 6618.08, 6279.679999999999, 6558.809999999999, nan, nan, nan, nan, nan, nan, nan, nan, nan, nan, nan, nan, nan, nan, nan, nan, nan, nan, nan, nan, nan, nan, nan, nan]","[nan, nan, nan, nan, nan, nan, nan, nan, nan, nan, nan, nan, nan, nan, nan, nan, nan, nan, nan, nan, nan, nan, nan, nan, nan, nan, nan, nan, nan, nan, nan, nan, nan, nan, nan, nan, 1171.0, 5785.0, 2460.0, 2575.0, 5797.0, 7872.0, 1034.0, 7026.0, 6027.0, 665.0, 7886.0, 6523.0, 4372.0, 7549.0, 4598.0, 3796.0, 5200.0, 9286.0, 5145.0, 7977.0, 8306.0, 5612.0, 9784.0, 8235.0, 6249.0, 10624.0, 5618.0, 5914.0, 7060.0, 11733.0, 7824.0, 9733.0, 10692.0, 7342.0, 12797.0, 11015.0]",0.385359704,56.22
Office Supplies,Fasteners,"[597.8, 982.61, 1341.6299999999999, 929.25, 980.1600000000001, 1631.7300000000002, 1129.3400000000004, 1312.8200000000002, 1850.2999999999997, 1440.11, 1163.8100000000002, 1694.3300000000002, 904.9999999999999, 976.2199999999997, 1433.5600000000002, 1372.4299999999998, 1753.7900000000002, 2270.31, 1042.74, 2373.0800000000004, 1658.73, 2247.7400000000002, 2631.32, 2132.75, 791.2400000000001, 795.4, 926.8299999999999, 1235.4000000000005, 1960.9, 2073.55, 1161.67, 3299.35, 2488.8599999999997, 2059.2, 2890.24, 3207.7799999999997, 1355.9, 1284.9199999999998, 1702.5400000000002, 2196.54, 2057.9099999999994, 4374.280000000002, 1606.4199999999998, 2743.34, 2947.6000000000004, 3075.05, 4339.579999999999, 3069.129999999999, nan, nan, nan, nan, nan, nan, nan, nan, nan, nan, nan, nan, nan, nan, nan, nan, nan, nan, nan, nan, nan, nan, nan, nan]","[nan, nan, nan, nan, nan, nan, nan, nan, nan, nan, nan, nan, nan, nan, nan, nan, nan, nan, nan, nan, nan, nan, nan, nan, nan, nan, nan, nan, nan, nan, nan, nan, nan, nan, nan, nan, 2298.0, 1973.0, 1189.0, 1836.0, 4071.0, 2741.0, 2938.0, 3264.0, 1707.0, 2778.0, 3957.0, 4265.0, 2623.0, 2231.0, 1720.0, 1648.0, 2909.0, 2445.0, 3297.0, 3407.0, 2319.0, 3187.0, 4270.0, 5128.0, 2634.0, 2672.0, 1925.0, 1808.0, 3156.0, 2670.0, 3723.0, 3614.0, 2564.0, 3569.0, 4681.0, 5682.0]",0.437554986,42.18
Office Supplies,Labels,"[645.92, 393.5199999999999, 897.09, 704.29, 533.72, 1480.1399999999999, 924.71, 1141.02, 1660.7499999999998, 1370.2299999999998, 1870.7000000000003, 2047.9, 492.09, 645.73, 1204.8, 792.37, 1880.49, 1012.1299999999999, 779.5699999999999, 1618.0, 1509.16, 1983.1599999999996, 1868.84, 1689.43, 974.4100000000001, 668.1200000000001, 855.4300000000001, 609.73, 1249.7099999999998, 2784.56, 1154.39, 2210.7100000000005, 2114.4900000000002, 1500.73, 2603.6, 1590.2799999999997, 1442.74, 809.67, 1249.4599999999998, 1541.71, 1836.77, 3083.8900000000003, 2249.84, 3188.5199999999995, 2889.55, 2356.6000000000004, 2684.07, 2555.81, nan, nan, nan, nan, nan, nan, nan, nan, nan, nan, nan, nan, nan, nan, nan, nan, nan, nan, nan, nan, nan, nan, nan, nan]","[nan, nan, nan, nan, nan, nan, nan, nan, nan, nan, nan, nan, nan, nan, nan, nan, nan, nan, nan, nan, nan, nan, nan, nan, nan, nan, nan, nan, nan, nan, nan, nan, nan, nan, nan, nan, 1383.0, 2036.0, 213.0, 1055.0, -285.0, 2345.0, 2794.0, 2409.0, 3627.0, 1718.0, 3104.0, 1864.0, 2643.0, 2187.0, 433.0, 1283.0, 1017.0, 2750.0, 2456.0, 3299.0, 4547.0, 2863.0, 3577.0, 2496.0, 3216.0, 2553.0, 523.0, 1467.0, 1087.0, 3154.0, 2981.0, 3865.0, 5268.0, 3437.0, 4127.0, 2958.0]",0.327994447,46.13
Office Supplies,Paper,"[2138.64, 1523.88, 2173.5899999999997, 2369.5000000000005, 2538.2599999999998, 4107.3, 2133.53, 6200.34, 3305.33, 3817.8100000000004, 7279.509999999999, 4806.299999999999, 2594.7200000000003, 1518.4599999999998, 4284.919999999999, 1458.89, 5294.0, 3405.1400000000003, 3365.15, 5057.830000000001, 5545.9800000000005, 4681.510000000001, 6997.150000000001, 6643.75, 3903.6, 3350.4, 3541.73, 3615.62, 7482.37, 9087.22, 4995.490000000002, 6952.33, 6680.74, 5132.75, 7523.240000000001, 7705.94, 3507.97, 2149.75, 4873.789999999999, 4472.22, 6363.68, 7730.100000000001, 4305.740000000001, 8239.11, 8808.98, 8413.020000000002, 8827.59, 10882.800000000001, nan, nan, nan, nan, nan, nan, nan, nan, nan, nan, nan, nan, nan, nan, nan, nan, nan, nan, nan, nan, nan, nan, nan, nan]","[nan, nan, nan, nan, nan, nan, nan, nan, nan, nan, nan, nan, nan, nan, nan, nan, nan, nan, nan, nan, nan, nan, nan, nan, nan, nan, nan, nan, nan, nan, nan, nan, nan, nan, nan, nan, 4808.0, 3486.0, 3483.0, 2412.0, 9517.0, 6500.0, 5647.0, 6958.0, 8027.0, 7653.0, 8085.0, 8911.0, 9130.0, 5506.0, 3920.0, 4792.0, 10811.0, 8265.0, 10166.0, 8038.0, 11925.0, 9888.0, 9686.0, 12221.0, 13160.0, 7614.0, 4705.0, 6794.0, 13946.0, 11382.0, 14380.0, 11089.0, 16103.0, 13901.0, 13807.0, 16317.0]",0.534258814,27.54
Office Supplies,Storage,"[13940.130000000001, 10532.11, 9539.23, 12057.689999999999, 16948.79, 13149.230000000001, 12051.089999999998, 16962.489999999998, 25643.64, 22043.52, 23307.78, 31111.16000000001, 16204.779999999999, 6532.65, 18034.800000000003, 15579.98, 13707.43, 22127.569999999996, 17647.36, 29502.760000000002, 22623.04, 15389.75, 26821.75, 23522.96, 20719.88, 16245.18, 15301.7, 16910.84, 21866.1, 25056.519999999993, 25490.129999999997, 25993.94, 34455.579999999994, 19810.89, 41464.74, 45118.37, 19786.670000000002, 17805.89, 24435.020000000004, 25931.72, 33242.19, 40535.240000000005, 21505.46, 38813.869999999995, 40284.219999999994, 31046.769999999997, 54997.34, 35013.829999999994, nan, nan, nan, nan, nan, nan, nan, nan, nan, nan, nan, nan, nan, nan, nan, nan, nan, nan, nan, nan, nan, nan, nan, nan]","[nan, nan, nan, nan, nan, nan, nan, nan, nan, nan, nan, nan, nan, nan, nan, nan, nan, nan, nan, nan, nan, nan, nan, nan, nan, nan, nan, nan, nan, nan, nan, nan, nan, nan, nan, nan, 46409.0, 13107.0, 21804.0, 8729.0, 24620.0, 38952.0, 41704.0, 27219.0, 32239.0, 19525.0, 44894.0, 56217.0, 24137.0, 29869.0, 17662.0, 36593.0, 37991.0, 51285.0, 53595.0, 17768.0, 64502.0, 30647.0, 65478.0, 75842.0, 40429.0, 40727.0, 24958.0, 51670.0, 50033.0, 70178.0, 75241.0, 24910.0, 85888.0, 45057.0, 83609.0, 101248.0]",0.976832592,43.97
Office Supplies,Supplies,"[1536.4800000000002, 1654.13, 1303.7599999999998, 5706.879999999999, 2221.19, 4706.449999999999, 10276.630000000001, 2728.0699999999997, 4340.27, 4078.15, 4173.38, 4840.459999999998, 2424.47, 1511.9199999999998, 1517.63, 2247.86, 4002.9900000000007, 4599.55, 1961.54, 4725.0599999999995, 5762.290000000001, 3751.7499999999995, 5273.259999999998, 5580.549999999999, 2734.0800000000004, 2875.73, 12048.349999999999, 4221.389999999999, 3398.0600000000004, 5850.050000000001, 4833.03, 6552.4800000000005, 5442.09, 4910.379999999999, 6163.829999999999, 6679.65, 7074.780000000001, 3495.7999999999997, 6791.47, 4467.639999999999, 6330.1500000000015, 6346.23, 4755.05, 8411.1, 12486.880000000001, 6040.820000000001, 7381.170000000001, 12596.210000000001, nan, nan, nan, nan, nan, nan, nan, nan, nan, nan, nan, nan, nan, nan, nan, nan, nan, nan, nan, nan, nan, nan, nan, nan]","[nan, nan, nan, nan, nan, nan, nan, nan, nan, nan, nan, nan, nan, nan, nan, nan, nan, nan, nan, nan, nan, nan, nan, nan, nan, nan, nan, nan, nan, nan, nan, nan, nan, nan, nan, nan, 8283.0, 7754.0, 2543.0, 8225.0, 4748.0, 7828.0, 5981.0, 5657.0, 7500.0, 10847.0, 6003.0, 12149.0, 5394.0, 11039.0, 7911.0, 10330.0, 6372.0, 12412.0, 8661.0, 7674.0, 9281.0, 16084.0, 10298.0, 14253.0, 9396.0, 16415.0, 9908.0, 14753.0, 11183.0, 18681.0, 11983.0, 11924.0, 15679.0, 23882.0, 15251.0, 18220.0]",0.403823259,44.51
Office Supplies,Art,"[4752.81, 3029.78, 2476.9900000000007, 5046.58, 5210.18, 6008.05, 3556.92, 6470.740000000001, 7743.49, 6280.349999999999, 4342.29, 9227.710000000001, 3988.3100000000004, 3126.4400000000005, 3953.46, 4603.66, 6378.840000000001, 7631.699999999999, 4622.75, 9583.99, 8436.04, 7306.370000000001, 11019.66, 11758.210000000001, 5565.130000000001, 4439.17, 4318.61, 4572.509999999999, 8579.19, 11681.939999999999, 6766.609999999999, 12818.230000000001, 13318.95, 5953.04, 9900.909999999998, 9882.5, 7827.709999999998, 5867.62, 8216.55, 7176.160000000001, 7611.19, 13646.069999999998, 8152.989999999999, 14016.019999999999, 15578.500000000002, 9014.56, 15856.500000000002, 14297.720000000003, nan, nan, nan, nan, nan, nan, nan, nan, nan, nan, nan, nan, nan, nan, nan, nan, nan, nan, nan, nan, nan, nan, nan, nan]","[nan, nan, nan, nan, nan, nan, nan, nan, nan, nan, nan, nan, nan, nan, nan, nan, nan, nan, nan, nan, nan, nan, nan, nan, nan, nan, nan, nan, nan, nan, nan, nan, nan, nan, nan, nan, 3285.0, 7789.0, 5311.0, 7632.0, 12455.0, 10909.0, 9650.0, 14023.0, 15501.0, 8816.0, 12686.0, 15679.0, 10403.0, 11327.0, 6975.0, 10292.0, 13288.0, 12010.0, 13333.0, 15758.0, 18813.0, 10934.0, 15452.0, 18217.0, 11616.0, 12752.0, 7868.0, 12286.0, 15548.0, 13605.0, 16456.0, 17927.0, 21691.0, 14090.0, 17361.0, 21536.0]",0.199121898,22.25
Technology,Total Sales,"[30908.01, 42990.17999999999, 69710.42000000001, 33202.83, 60159.42999999999, 65859.59999999998, 44721.69000000001, 83358.51, 88816.2, 84760.01000000001, 107976.82999999999, 119038.88999999998, 50677.12, 31314.25999999999, 53205.73, 62450.16, 85374.48, 98019.61999999997, 60224.30999999998, 119353.77, 118449.45000000001, 106666.87999999998, 104960.46, 131388.26000000007, 50060.83000000001, 56412.68000000001, 71262.89, 67468.66000000002, 111371.73, 169780.51000000004, 87783.95, 121043.06999999999, 138156.97, 126695.27999999996, 140450.89000000004, 134325.08999999997, 94815.16999999998, 71950.51000000001, 95819.13999999998, 90849.2, 92114.07999999999, 145350.99, 99390.01000000001, 174905.39, 170994.13, 176294.55999999997, 222579.09, 181096.83999999997, nan, nan, nan, nan, nan, nan, nan, nan, nan, nan, nan, nan, nan, nan, nan, nan, nan, nan, nan, nan, nan, nan, nan, nan]","[nan, nan, nan, nan, nan, nan, nan, nan, nan, nan, nan, nan, nan, nan, nan, nan, nan, nan, nan, nan, nan, nan, nan, nan, nan, nan, nan, nan, nan, nan, nan, nan, nan, nan, nan, nan, 42270.0, 132058.0, 87992.0, 99623.0, 114580.0, 131292.0, 101498.0, 123829.0, 192464.0, 144851.0, 180362.0, 218303.0, 121940.0, 134556.0, 114384.0, 142140.0, 133934.0, 160574.0, 132841.0, 179159.0, 239827.0, 182016.0, 238812.0, 269622.0, 146954.0, 170378.0, 145037.0, 173886.0, 171185.0, 198460.0, 173701.0, 217874.0, 293438.0, 232206.0, 297872.0, 336911.0]",0.239169811,24.34
Technology,Accessories,"[3284.48, 5466.700000000001, 4192.679999999999, 7597.71, 14343.359999999999, 10609.519999999999, 8057.4400000000005, 10742.92, 10238.51, 11043.53, 11869.189999999999, 16720.96, 7609.33, 7877.66, 8733.66, 7464.289999999999, 10796.369999999999, 18517.31, 12421.139999999998, 17054.949999999997, 17941.570000000003, 17967.94, 18448.200000000004, 27698.2, 6960.24, 8899.8, 12514.39, 9932.210000000001, 12693.890000000001, 21715.87, 12243.460000000001, 19605.429999999997, 30709.980000000003, 22636.04, 29434.650000000005, 21705.49, 10808.829999999998, 15828.949999999999, 9829.050000000001, 15480.520000000002, 16876.91, 23269.210000000003, 19207.94, 33420.35, 30546.31, 18121.93, 33387.57, 26710.640000000003, nan, nan, nan, nan, nan, nan, nan, nan, nan, nan, nan, nan, nan, nan, nan, nan, nan, nan, nan, nan, nan, nan, nan, nan]","[nan, nan, nan, nan, nan, nan, nan, nan, nan, nan, nan, nan, nan, nan, nan, nan, nan, nan, nan, nan, nan, nan, nan, nan, nan, nan, nan, nan, nan, nan, nan, nan, nan, nan, nan, nan, 2234.0, 11337.0, 20892.0, -196.0, 19147.0, 16485.0, 17950.0, 30150.0, 37672.0, 32830.0, 24438.0, 26322.0, 15360.0, 19263.0, 11551.0, 4219.0, 26821.0, 22088.0, 18584.0, 29059.0, 31041.0, 37370.0, 28099.0, 31537.0, 19267.0, 20896.0, 12356.0, 4993.0, 30190.0, 25267.0, 22512.0, 33273.0, 37313.0, 44949.0, 33216.0, 39152.0]",0.335155467,42.77
Technology,Machines,"[7102.68, 7702.419999999999, 31535.16, 3809.55, 6799.68, 8421.46, 7307.24, 9054.630000000001, 30031.749999999996, 9473.93, 17898.52, 23512.830000000005, 9814.95, 5245.18, 7728.19, 5820.259999999999, 13667.039999999999, 12484.000000000002, 10176.76, 17101.640000000003, 16141.430000000002, 12740.900000000001, 25473.15, 21361.36, 4509.400000000001, 13743.68, 15282.63, 17276.230000000003, 21039.61, 32300.97, 6931.3, 17620.94, 11799.880000000001, 19671.210000000003, 18516.6, 19683.829999999994, 21807.38, 8805.919999999998, 8846.059999999998, 19232.870000000003, 11199.740000000002, 24164.910000000003, 15718.09, 25975.47, 23306.9, 35159.990000000005, 41362.34, 24699.66, nan, nan, nan, nan, nan, nan, nan, nan, nan, nan, nan, nan, nan, nan, nan, nan, nan, nan, nan, nan, nan, nan, nan, nan]","[nan, nan, nan, nan, nan, nan, nan, nan, nan, nan, nan, nan, nan, nan, nan, nan, nan, nan, nan, nan, nan, nan, nan, nan, nan, nan, nan, nan, nan, nan, nan, nan, nan, nan, nan, nan, -2780.0, 19740.0, 4562.0, 17601.0, 22779.0, 11676.0, 19261.0, 8846.0, 7944.0, 25581.0, 17404.0, 46639.0, 16360.0, 22773.0, 12551.0, 13868.0, 30200.0, 12857.0, 27148.0, 17343.0, 22132.0, 42599.0, 29024.0, 59779.0, 21546.0, 29958.0, 15809.0, 17613.0, 37465.0, 16639.0, 33370.0, 21745.0, 27581.0, 49056.0, 38777.0, 74810.0]",0.712512247,64.77
Technology,Phones,"[11555.210000000001, 18267.640000000003, 23636.97, 16027.380000000001, 24094.880000000005, 28510.880000000005, 15912.23, 39624.40000000001, 22871.07, 37930.37, 48836.51000000001, 50491.39, 18896.85, 11156.44, 16915.840000000004, 20707.689999999995, 28501.44, 36206.78, 22969.45, 45664.509999999995, 48660.81, 46429.33000000001, 27099.410000000007, 40331.47, 22833.81, 12681.169999999998, 25919.989999999994, 21216.47, 31438.119999999995, 68753.12, 36866.16, 45621.819999999985, 52443.57000000001, 35587.83999999999, 49258.159999999996, 50898.93000000001, 27646.780000000006, 23611.66, 24524.029999999995, 30427.469999999998, 31837.77, 53768.189999999995, 38651.200000000004, 73448.81999999999, 50022.65, 48198.369999999995, 77973.32, 71896.28, nan, nan, nan, nan, nan, nan, nan, nan, nan, nan, nan, nan, nan, nan, nan, nan, nan, nan, nan, nan, nan, nan, nan, nan]","[nan, nan, nan, nan, nan, nan, nan, nan, nan, nan, nan, nan, nan, nan, nan, nan, nan, nan, nan, nan, nan, nan, nan, nan, nan, nan, nan, nan, nan, nan, nan, nan, nan, nan, nan, nan, 38962.0, 26912.0, 54914.0, 24890.0, 11909.0, 62165.0, 36806.0, 32129.0, 72327.0, 54512.0, 48506.0, 71636.0, 70128.0, 28106.0, 43260.0, 39843.0, 41486.0, 48996.0, 48881.0, 73734.0, 83470.0, 74098.0, 64198.0, 87780.0, 90541.0, 34885.0, 52929.0, 47419.0, 49870.0, 58541.0, 64358.0, 87379.0, 105470.0, 93543.0, 82566.0, 108940.0]",0.350855215,36.01
Technology,Copiers,"[8965.64, 11553.419999999998, 10345.61, 5768.1900000000005, 14921.51, 18317.739999999998, 13444.779999999999, 23936.56, 25674.870000000003, 26312.179999999997, 29372.609999999997, 28313.710000000003, 14355.990000000002, 7034.98, 19828.04, 28457.92, 32409.630000000005, 30811.529999999995, 14656.960000000001, 39532.670000000006, 35705.64000000001, 29528.710000000006, 33939.700000000004, 41997.229999999996, 15757.380000000001, 21088.03, 17545.879999999997, 19043.75, 46200.10999999999, 47010.55, 31743.030000000002, 38194.880000000005, 43203.53999999999, 48800.19, 43241.479999999996, 42036.84, 34552.18, 23703.98, 52620.0, 25708.34, 32199.659999999996, 44148.68, 25812.780000000002, 42060.75, 67118.27, 74814.27, 69855.85999999999, 57790.26, nan, nan, nan, nan, nan, nan, nan, nan, nan, nan, nan, nan, nan, nan, nan, nan, nan, nan, nan, nan, nan, nan, nan, nan]","[nan, nan, nan, nan, nan, nan, nan, nan, nan, nan, nan, nan, nan, nan, nan, nan, nan, nan, nan, nan, nan, nan, nan, nan, nan, nan, nan, nan, nan, nan, nan, nan, nan, nan, nan, nan, 17194.0, 40678.0, 25555.0, 45759.0, 26675.0, 46492.0, 38423.0, 37071.0, 41583.0, 57235.0, 58919.0, 61105.0, 48897.0, 48225.0, 36891.0, 53389.0, 31759.0, 64588.0, 52799.0, 53219.0, 49689.0, 77521.0, 77850.0, 76340.0, 64193.0, 62146.0, 43659.0, 65715.0, 39290.0, 75826.0, 66462.0, 63904.0, 62940.0, 100127.0, 101441.0, 96967.0]",0.520884599,34.78
